INSERT INTO category (id, name, slug, image_url)
VALUES
(1, '카페', 'cafe', '/icons/cafe.png'),
(2, '상품권', 'gift-card', '/icons/giftcard.png'),
(3, '치킨', 'chicken', '/icons/chicken.png'),
(4, '피자·버거', 'pizza-burger', '/icons/pizza.png'),
(5, '편의점', 'convenience-store', '/icons/convenience.png'),
(6, '외식', 'dining', '/icons/dining.png'),
(7, '디저트', 'dessert', '/icons/dessert.png');

INSERT INTO brand (id, name, image_url, guidelines)
VALUES
(1, '스타벅스', '', ''),
(2, '할리스', '', ''),
(3, '파스쿠찌', '', ''),
(4, '뚜레쥬르', '', ''),
(5, '빽다방', '', ''),
(6, '이디야커피', '', ''),
(7, '컴포즈커피', '', ''),
(8, '메가MGC커피', '/icons/megacoffee.png', ''),
(9, '배스킨라빈스', '', ''),
(10, '엔제리너스', '', ''),
(11, '아티제', '', ''),
(12, '카페베네', '', ''),
(13, '공차', '', ''),
(14, '더벤티', '', ''),
(15, '하삼동커피', '', ''),
(16, '매머드익스프레스', '', ''),
(17, 'Wavve', '', ''),
(18, '엔터식스', '', ''),
(19, 'CJ기프트카드', '', ''),
(20, '양키캔들', '', ''),
(21, '블루샥', '', ''),
(22, '커피빈', '', ''),
(23, '바나프레소', '', ''),
(24, '처갓집 양념치킨', '', ''),
(25, '박가부대', '', ''),
(26, '라그릴리아', '', ''),
(27, '60계치킨', '', ''),
(28, '푸라닭', '', ''),
(29, '교촌치킨', '', ''),
(30, '드롭탑', '', ''),
(31, '비엔나커피하우스', '', ''),
(32, '마호가니커피', '', ''),
(33, '잠바주스', '', ''),
(34, '파리바게뜨', '', ''),
(35, '던킨', '', ''),
(36, '크리스피크림도넛', '', ''),
(37, '파리크라상', '', ''),
(38, '신세계 상품권', '', ''),
(39, '컬쳐랜드', '', ''),
(40, '이마트 금액권', '', ''),
(41, '올리브영', '', ''),
(42, '도미노피자', '', ''),
(43, '노브랜드버거', '', ''),
(44, '피자마루', '', ''),
(45, '파파존스', '', ''),
(46, 'CGV', '', ''),
(47, 'CJ푸드빌', '', ''),
(48, 'BHC', '', ''),
(49, 'BBQ', '', ''),
(50, '치킨신드롬', '', ''),
(51, 'GS25', '', ''),
(52, '이마트24', '', ''),
(53, '아웃백', '', ''),
(54, '소소떡볶이', '', ''),
(55, '놀부', '', ''),
(56, '굽네치킨', '', ''),
(57, '멕시카나치킨', '', ''),
(58, '롯데리아', '', ''),
(59, '맥도날드', '', ''),
(60, '피자헛', '', ''),
(61, 'CU', '', ''),
(62, '홍콩반점0410', '', ''),
(63, '생어거스틴', '', ''),
(64, '도레도레', '', ''),
(65, '빚은', '', '');

INSERT INTO brand_category (brand_id, category_id)
VALUES
(1, 1), -- 스타벅스 -> 카페
(2, 1), -- 할리스 -> 카페
(3, 1), -- 파스쿠찌 -> 카페
(4, 1), -- 뚜레쥬르 -> 카페
(5, 1), -- 빽다방 -> 카페
(6, 1), -- 이디야커피 -> 카페
(7, 1), -- 컴포즈커피 -> 카페
(8, 1), -- 메가MGC커피 -> 카페
(9, 7), -- 배스킨라빈스 -> 디저트
(10, 1), -- 엔제리너스 -> 카페
(11, 1), -- 아티제 -> 카페
(12, 1), -- 카페베네 -> 카페
(13, 1), -- 공차 -> 카페
(14, 1), -- 더벤티 -> 카페
(15, 1), -- 하삼동커피 -> 카페
(16, 1), -- 매머드익스프레스 -> 카페
(17, 2), -- Wavve -> 상품권
(18, 2), -- 엔터식스 -> 상품권
(19, 2), -- CJ기프트카드 -> 상품권
(20, 2), -- 양키캔들 -> 상품권
(21, 1), -- 블루샥 -> 카페
(22, 1), -- 커피빈 -> 카페
(23, 1), -- 바나프레소 -> 카페
(24, 3), -- 처갓집 양념치킨 -> 치킨
(25, 6), -- 박가부대 -> 외식
(26, 6), -- 라그릴리아 -> 외식
(27, 3), -- 60계치킨 -> 치킨
(28, 3), -- 푸라닭 -> 치킨
(29, 3), -- 교촌치킨 -> 치킨
(30, 1), -- 드롭탑 -> 카페
(31, 1), -- 비엔나커피하우스 -> 카페
(32, 1), -- 마호가니커피 -> 카페
(33, 1), -- 잠바주스 -> 카페
(34, 7), -- 파리바게뜨 -> 디저트
(35, 7), -- 던킨 -> 디저트
(36, 7), -- 크리스피크림도넛 -> 디저트
(37, 7), -- 파리크라상 -> 디저트
(38, 2), -- 신세계 상품권 -> 상품권
(39, 2), -- 컬쳐랜드 -> 상품권
(40, 2), -- 이마트 금액권 -> 상품권
(41, 2), -- 올리브영 -> 상품권
(42, 4), -- 도미노피자 -> 피자·버거
(43, 4), -- 노브랜드버거 -> 피자·버거
(44, 4), -- 피자마루 -> 피자·버거
(45, 4), -- 파파존스 -> 피자·버거
(46, 2), -- CGV -> 상품권
(47, 2), -- CJ푸드빌 -> 상품권
(48, 3), -- BHC -> 치킨
(49, 3), -- BBQ -> 치킨
(50, 3), -- 치킨신드롬 -> 치킨
(51, 5), -- GS25 -> 편의점
(52, 5), -- 이마트24 -> 편의점
(53, 6), -- 아웃백 -> 외식
(54, 6), -- 소소떡볶이 -> 외식
(55, 6), -- 놀부 -> 외식
(56, 3), -- 굽네치킨 -> 치킨
(57, 3), -- 멕시카나치킨 -> 치킨
(58, 4), -- 롯데리아 -> 피자·버거
(59, 4), -- 맥도날드 -> 피자·버거
(60, 4), -- 피자헛 -> 피자·버거
(61, 5), -- CU -> 편의점
(62, 6), -- 홍콩반점0410 -> 외식
(63, 6), -- 생어거스틴 -> 외식
(64, 7), -- 도레도레 -> 디저트
(65, 7); -- 빚은 -> 디저트

INSERT INTO product (id, name, price, expiration_days, brand_id, sales)
VALUES
(1, '(ICE)아메리카노', 2000, 366, 8, 10000),
(2, '신세계이마트 1만원 상품권 교환권', 10000, 365, 38, 15684),
(3, '아메리카노(Ice)(TAKE-OUT)', 1500, 366, 7, 454512),
(4, '아이스 카페 아메리카노 T', 4500, 366, 1, 12345),
(5, '(HOT)아메리카노', 1500, 366, 8, 8451),
(6, '모바일문화상품권 1천원권', 1000, 366, 39, 84512),
(7, '모바일문화상품권 1만원권', 10000, 366, 39, 153415),
(8, '신세계이마트 5만원 상품권 교환권', 50000, 365, 38, 4512),
(9, 'CU모바일상품권 3,000원', 3000, 365, 61, 84531),
(10, '신세계이마트 3만원 상품권 교환권', 30000, 365, 38, 1565),
(11, '아메리카노(ICED)', 2000, 366, 5, 56121);
